Shop Name,Shop Code,Store ID,Channel,Area Sup,Customer Name,Customer Code,Sales Org,REGION,Channel Lv1,Channel Lv2
บริษัท บี.ซี.แอร์ ซัพพลาย แอนด์ เซอร์วิสจำกัด,B000089004,Not found,DL,BKK,บริษัท บี.ซี.แอร์ ซัพพลาย แอนด์ เซอร์วิสจำกัด,B000089004,6560,BKK Central,RT,Direct Retail
บริษัท บี.ซี.แอร์ ซัพพลาย แอนด์ เซอร์วิสจำกัด ( ),B000093911,Not found,DL,BKK,บริษัท บี.ซี.แอร์ ซัพพลาย แอนด์ เซอร์วิสจำกัด,B000089004,6560,BKK Central,RT,Direct Retail
บริษัท บี.ซี.แอร์ ซัพพลาย แอนด์ เซอร์วิสจำกัด (สาขาแพรกษา),B000093953,Not found,DL,BKK,บริษัท บี.ซี.แอร์ ซัพพลาย แอนด์ เซอร์วิสจำกัด,B000089004,6560,BKK Central,RT,Direct Retail
บริษัท บี.ซี.แอร์ ซัพพลาย แอนด์ เซอร์วิสจำกัด (สาขาไทรน้อย),B000094977,Not found,DL,BKK,บริษัท บี.ซี.แอร์ ซัพพลาย แอนด์ เซอร์วิสจำกัด,B000089004,6560,BKK Central,RT,Direct Retail
บริษัท บี.ซี.แอร์ ซัพพลาย แอนด์ เซอร์วิสจำกัด (สาขาคลอง 12),B000093954,Not found,DL,BKK,บริษัท บี.ซี.แอร์ ซัพพลาย แอนด์ เซอร์วิสจำกัด,B000089004,6560,BKK Central,RT,Direct Retail
บริษัท บี.ซี.แอร์ ซัพพลาย แอนด์ เซอร์วิสจำกัด (สาขาชลบุรี),B000094005,Not found,DL,BKK,บริษัท บี.ซี.แอร์ ซัพพลาย แอนด์ เซอร์วิสจำกัด,B000089004,6560,BKK Central,RT,Direct Retail
บริษัท บี.ซี.แอร์ ซัพพลาย แอนด์ เซอร์วิสจำกัด (สาขาทรัพย์บุญชัย),B000094352,Not found,DL,BKK,บริษัท บี.ซี.แอร์ ซัพพลาย แอนด์ เซอร์วิสจำกัด,B000089004,6560,BKK Central,RT,Direct Retail
บริษัท บี.ซี.แอร์ ซัพพลาย แอนด์ เซอร์วิสจำกัด (สาขาบางบัวทอง),B000146800,Not found,DL,BKK,บริษัท บี.ซี.แอร์ ซัพพลาย แอนด์ เซอร์วิสจำกัด,B000089004,6560,BKK Central,RT,Direct Retail
บริษัท บี.ซี.แอร์ ซัพพลาย แอนด์ เซอร์วิสจำกัด (สาขาบางปลา),B000093910,Not found,DL,BKK,บริษัท บี.ซี.แอร์ ซัพพลาย แอนด์ เซอร์วิสจำกัด,B000089004,6560,BKK Central,RT,Direct Retail
บริษัท บี.ซี.แอร์ ซัพพลาย แอนด์ เซอร์วิสจำกัด (สาขาปากเกร็ด สาขาที่ 00006),B000146801,Not found,DL,BKK,บริษัท บี.ซี.แอร์ ซัพพลาย แอนด์ เซอร์วิสจำกัด,B000089004,6560,BKK Central,RT,Direct Retail
บริษัท บี.ซี.แอร์ ซัพพลาย แอนด์ เซอร์วิสจำกัด (สาขารังสิต),B000109564,Not found,DL,BKK,บริษัท บี.ซี.แอร์ ซัพพลาย แอนด์ เซอร์วิสจำกัด,B000089004,6560,BKK Central,RT,Direct Retail
บริษัท บี.ซี.แอร์ ซัพพลาย แอนด์ เซอร์วิสจำกัด (สาขาลาดกระบัง),B000146802,Not found,DL,BKK,บริษัท บี.ซี.แอร์ ซัพพลาย แอนด์ เซอร์วิสจำกัด,B000089004,6560,BKK Central,RT,Direct Retail
บริษัท บี.ซี.แอร์ ซัพพลาย แอนด์ เซอร์วิสจำกัด (สาขาวัดลาดปลาดุก สาขาที่ 00007),B000145685,Not found,DL,BKK,บริษัท บี.ซี.แอร์ ซัพพลาย แอนด์ เซอร์วิสจำกัด,B000089004,6560,BKK Central,RT,Direct Retail
บริษัท บี.ซี.แอร์ ซัพพลาย แอนด์ เซอร์วิสจำกัดHQ,TSP000365,Not found,DL,BKK,บริษัท บี.ซี.แอร์ ซัพพลาย แอนด์ เซอร์วิสจำกัด,B000089004,6560,BKK Central,RT,Direct Retail
บริษัท บี.ซี.แอร์ ซัพพลาย แอนด์ เซอร์วิสจำกัดสาขาหนามแดง,TSP000317,Not found,DL,BKK,บริษัท บี.ซี.แอร์ ซัพพลาย แอนด์ เซอร์วิสจำกัด,B000089004,6560,BKK Central,RT,Direct Retail
บริษัท บี.ซี.แอร์ ซัพพลาย แอนด์ เซอร์วิสจำกัดสาขาหัวเฉียว,TSP000321,Not found,DL,BKK,บริษัท บี.ซี.แอร์ ซัพพลาย แอนด์ เซอร์วิสจำกัด,B000089004,6560,BKK Central,RT,Direct Retail
บริษัท มีชัย โทรทัศน์ จำกัด(สาขากิ่งแก้ว),B000093774,Not found,DL,BKK,บริษัท มีชัย โทรทัศน์ จำกัด(สำนักงานใหญ่),B000088892,6560,BKK Central,RT,Chain Retail
บริษัท มีชัย โทรทัศน์ จำกัด(สำนักงานใหญ่) (สาขาคลองด่าน),B000111062,Not found,DL,BKK,บริษัท มีชัย โทรทัศน์ จำกัด(สำนักงานใหญ่),B000088892,6560,BKK Central,RT,Chain Retail
บริษัท มีชัย โทรทัศน์ จำกัด(สำนักงานใหญ่) (สาขาคุ้มเกล้า),B000146798,Not found,DL,BKK,บริษัท มีชัย โทรทัศน์ จำกัด(สำนักงานใหญ่),B000088892,6560,BKK Central,RT,Chain Retail
บริษัท มีชัย โทรทัศน์ จำกัด(สำนักงานใหญ่) (สาขาบูรพา),B000148971,Not found,DL,BKK,บริษัท มีชัย โทรทัศน์ จำกัด(สำนักงานใหญ่),B000088892,6560,BKK Central,RT,Chain Retail
บริษัท มีชัย โทรทัศน์ จำกัด(สำนักงานใหญ่) (สาขาวัดราชโกษา),B000146799,Not found,DL,BKK,บริษัท มีชัย โทรทัศน์ จำกัด(สำนักงานใหญ่),B000088892,6560,BKK Central,RT,Chain Retail
บริษัท มีชัย โทรทัศน์ จำกัด(สำนักงานใหญ่)HQ,TSP000349,Not found,DL,BKK,บริษัท มีชัย โทรทัศน์ จำกัด(สำนักงานใหญ่),B000088892,6560,BKK Central,RT,Chain Retail
บริษัท มีชัย โทรทัศน์ จำกัด(สำนักงานใหญ่)HQ,TSP000366,Not found,DL,BKK,บริษัท มีชัย โทรทัศน์ จำกัด(สำนักงานใหญ่),B000088892,6560,BKK Central,RT,Chain Retail
บริษัท มีชัย โทรทัศน์ จำกัดสาขาดีพร้อม,B000095087,Not found,DL,BKK,บริษัท มีชัย โทรทัศน์ จำกัด(สำนักงานใหญ่),B000088892,6560,BKK Central,RT,Chain Retail
บริษัท มีชัย โทรทัศน์ จำกัดสาขาพิมพา,B000095088,Not found,DL,BKK,บริษัท มีชัย โทรทัศน์ จำกัด(สำนักงานใหญ่),B000088892,6560,BKK Central,RT,Chain Retail
บริษัท มีชัยโทรทัศน์ จำกัด(สาขา ลาดกระบัง),B000093772,Not found,DL,BKK,บริษัท มีชัย โทรทัศน์ จำกัด(สำนักงานใหญ่),B000088892,6560,BKK Central,RT,Chain Retail
บริษัท มีชัยโทรทัศน์ จำกัด(สาขานิคม),B000093771,Not found,DL,BKK,บริษัท มีชัย โทรทัศน์ จำกัด(สำนักงานใหญ่),B000088892,6560,BKK Central,RT,Chain Retail
บริษัท มีชัยโทรทัศน์ จำกัด(สาขาหัวเข้),B000093773,Not found,DL,BKK,บริษัท มีชัย โทรทัศน์ จำกัด(สำนักงานใหญ่),B000088892,6560,BKK Central,RT,Chain Retail
บริษัท โมเดิร์นแอร์ จำกัด(สำนักงานใหญ่) (เซ็นทรัลพระราม 2),B000150304,Not found,DL,BKK,บริษัท โมเดิร์นแอร์ จำกัด(สำนักงานใหญ่),B000088713,6560,BKK Central,RT,Direct Retail
บริษัท โมเดิร์นแอร์ จำกัด(สำนักงานใหญ่) (สาขาเดอะมอลล์บางกะปิ),B000150288,Not found,DL,BKK,บริษัท โมเดิร์นแอร์ จำกัด(สำนักงานใหญ่),B000088713,6560,BKK Central,RT,Direct Retail
บริษัท โมเดิร์นแอร์ จำกัด(สำนักงานใหญ่) (สาขาแฟชั่นไอส์แลนด์),B000150290,Not found,DL,BKK,บริษัท โมเดิร์นแอร์ จำกัด(สำนักงานใหญ่),B000088713,6560,BKK Central,RT,Direct Retail
บริษัท สยามวรจักรอีเล็คตริค จำกัด (สำนักงานใหญ่),B000088729,Not found,DL,BKK,บริษัท สยามวรจักรอีเล็คตริค จำกัด(สำนักงานใหญ่),B000088729,6560,BKK Central,RT,Direct Retail
บริษัท นิวศรีทองไฮเทค จำกัด,B000088732,Not found,DL,BKK,บริษัท นิวศรีทองไฮเทค จำกัด,B000088732,6560,BKK Central,RT,Direct Retail
ห้างหุ้นส่วนจำกัด นิว-มหาชัยโทรทัศน์HQ,TSP000587,Not found,DL,BKK,ห้างหุ้นส่วนจำกัด นิว-มหาชัยโทรทัศน์,B000088882,6560,West&East,RT,Direct Retail
บริษัท สามตะวัน อีควิปเม้นท์ จำกัด,B000088983,Not found,DL,BKK,บริษัท สามตะวัน อีควิปเม้นท์ จำกัด,B000088983,6560,BKK Central,RT,Direct Retail
บริษัท สิทธิโชติแอร์ จำกัด (สำนักงานใหญ่),B000089241,Not found,DL,BKK,บริษัท สิทธิโชติแอร์ จำกัด(สำนักงานใหญ่),B000089241,6560,West&East,WS,AC Special Shop
บริษัท สินเมืองทอง อีเลคทริค จำกัด(สำนักงานใหญ่),B000088726,Not found,DL,BKK,บริษัท สินเมืองทอง อีเลคทริค จำกัด(สำนักงานใหญ่),B000088726,6560,BKK Central,RT,Direct Retail
ห้างหุ้นส่วนจำกัด นิวไฮเทค,B000088715,Not found,DL,BKK,ห้างหุ้นส่วนจำกัด นิวไฮเทค,B000088715,6560,BKK Central,RT,Direct Retail
ห้างหุ้นส่วนจำกัด รวมทรัพย์พานิช 169สาขาสามเงา,TSP000294,Not found,DL,N1,ห้างหุ้นส่วนจำกัด รวมทรัพย์พานิช 169,B000089279,6560,North,RT,Direct Retail
บริษัท ชุมการค้าอิเลคทริค จำกัด. (สาขาอิเล็คทริคมอลล์ ),B000139610,Not found,DL,N1,บริษัท ชุมการค้าอิเลคทริค จำกัด.,B000088902,6560,North,RT,Direct Retail
บริษัท เชียงใหม่สยามทีวี จำกัด (สาขารวมโชค สาขาที่ 00010),B000153857,Not found,DL,N1,บริษัท เชียงใหม่สยามทีวี จำกัด,B000088425,6560,North,RT,Chain Retail
บริษัท นิยมพานิช จำกัดสาขาสันป่าตอง,B000095783,Not found,DL,N1,บริษัท นิยมพานิช จำกัด(สำนักงานใหญ่),B000088444,6560,North,RT,Direct Retail
บริษัท นิยมพานิช จำกัด(สำนักงานใหญ่) (เจริญฮอด),B000126298,Not found,DL,N1,บริษัท นิยมพานิช จำกัด(สำนักงานใหญ่),B000088444,6560,North,RT,Direct Retail
บริษัท นิยมพานิช จำกัด(สำนักงานใหญ่) (่สาขาลำพูน สาขาที่ 00003),B000095785,Not found,DL,N1,บริษัท นิยมพานิช จำกัด(สำนักงานใหญ่),B000088444,6560,North,RT,Direct Retail
บริษัท นิยมพานิช จำกัด(สำนักงานใหญ่)สาขาBig C,TSP000010,Not found,DL,N1,บริษัท นิยมพานิช จำกัด(สำนักงานใหญ่),B000088444,6560,North,RT,Direct Retail
บริษัท นิยมพานิช จำกัด(สำนักงานใหญ่)สาขาตลาดสนามบิน,TSP000128,Not found,DL,N1,บริษัท นิยมพานิช จำกัด(สำนักงานใหญ่),B000088444,6560,North,RT,Direct Retail
บริษัท นิยมพานิช จำกัด(สำนักงานใหญ่)สาขาทิพย์ช้าง,TSP000137,Not found,DL,N1,บริษัท นิยมพานิช จำกัด(สำนักงานใหญ่),B000088444,6560,North,RT,Direct Retail
บริษัท นิยมพานิช จำกัด(สำนักงานใหญ่)สาขาพระเจ้าทันใจ,TSP000216,Not found,DL,N1,บริษัท นิยมพานิช จำกัด(สำนักงานใหญ่),B000088444,6560,North,RT,Direct Retail
บริษัท นิยมพานิช จำกัดสาขาฝาง,B000095784,Not found,DL,N1,บริษัท นิยมพานิช จำกัด(สำนักงานใหญ่),B000088444,6560,North,RT,Direct Retail
ห้างหุ้นส่วนจำกัด นิวสันติ เซลส์แอนด์เซอร์วิส,B000088472,Not found,DL,N1,ห้างหุ้นส่วนจำกัด นิวสันติ เซลส์แอนด์เซอร์วิส,B000088472,6560,North,RT,Direct Retail
บริษัท สหธานีมาร์เก็ตติ้ง จำกัด,B000093927,Not found,DL,N2,บริษัท สหธานีมาร์เก็ตติ้ง จำกัด(สำนักงานใหญ่),B000088451,6560,North,RT,Chain Retail
บริษัท สหธานีมาร์เก็ตติ้ง จำกัด,B000093928,Not found,DL,N2,บริษัท สหธานีมาร์เก็ตติ้ง จำกัด(สำนักงานใหญ่),B000088451,6560,North,RT,Chain Retail
บริษัท ทวียนต์มาร์เก็ตติ้ง จำกัด(สำนักงานใหญ่) (สาขาเทอดไทย สาขาที่ 00039),B000138494,Not found,DL,N2,บริษัท ทวียนต์มาร์เก็ตติ้ง จำกัด(สำนักงานใหญ่),B000088783,6560,North,RT,Chain Retail
บริษัท ทวียนต์มาร์เก็ตติ้ง จำกัด(สำนักงานใหญ่) (สาขาเมืองลำพูน สาขาที่ 00058),B000151894,Not found,DL,N2,บริษัท ทวียนต์มาร์เก็ตติ้ง จำกัด(สำนักงานใหญ่),B000088783,6560,North,RT,Chain Retail
บริษัท ทวียนต์มาร์เก็ตติ้ง จำกัด(สำนักงานใหญ่) (สาขาเวียงเชียงรุ้ง),B000094425,Not found,DL,N2,บริษัท ทวียนต์มาร์เก็ตติ้ง จำกัด(สำนักงานใหญ่),B000088783,6560,North,RT,Chain Retail
บริษัท ทวียนต์มาร์เก็ตติ้ง จำกัด(สำนักงานใหญ่) (สาขาแม่แตง),B000094579,Not found,DL,N2,บริษัท ทวียนต์มาร์เก็ตติ้ง จำกัด(สำนักงานใหญ่),B000088783,6560,North,RT,Chain Retail
บริษัท ทวียนต์มาร์เก็ตติ้ง จำกัด(สำนักงานใหญ่) (สาขาแม่จัน),B000095013,Not found,DL,N2,บริษัท ทวียนต์มาร์เก็ตติ้ง จำกัด(สำนักงานใหญ่),B000088783,6560,North,RT,Chain Retail
บริษัท ทวียนต์มาร์เก็ตติ้ง จำกัด(สำนักงานใหญ่) (สาขาแม่สรวย สาขาที่ 00024),B000093676,Not found,DL,N2,บริษัท ทวียนต์มาร์เก็ตติ้ง จำกัด(สำนักงานใหญ่),B000088783,6560,North,RT,Chain Retail
บริษัท ทวียนต์มาร์เก็ตติ้ง จำกัด(สำนักงานใหญ่) (สาขาดอยหลวง),B000139595,Not found,DL,N2,บริษัท ทวียนต์มาร์เก็ตติ้ง จำกัด(สำนักงานใหญ่),B000088783,6560,North,RT,Chain Retail
บริษัท ทวียนต์มาร์เก็ตติ้ง จำกัด(สำนักงานใหญ่) (สาขาบ้านดู่ สาขาที่ 00025),B000138493,Not found,DL,N2,บริษัท ทวียนต์มาร์เก็ตติ้ง จำกัด(สำนักงานใหญ่),B000088783,6560,North,RT,Chain Retail
บริษัท ทวียนต์มาร์เก็ตติ้ง จำกัด(สำนักงานใหญ่) (สาขาฝาง สาขาที่ 00051),B000139613,Not found,DL,N2,บริษัท ทวียนต์มาร์เก็ตติ้ง จำกัด(สำนักงานใหญ่),B000088783,6560,North,RT,Chain Retail
บริษัท ทวียนต์มาร์เก็ตติ้ง จำกัด(สำนักงานใหญ่) (สาขาห้วยไคร้),B000094424,Not found,DL,N2,บริษัท ทวียนต์มาร์เก็ตติ้ง จำกัด(สำนักงานใหญ่),B000088783,6560,North,RT,Chain Retail
บริษัท ทวียนต์มาร์เก็ตติ้ง จำกัด(สำนักงานใหญ่) (สาขาห้วยสัก),B000094423,Not found,DL,N2,บริษัท ทวียนต์มาร์เก็ตติ้ง จำกัด(สำนักงานใหญ่),B000088783,6560,North,RT,Chain Retail
บริษัท ทวียนต์มาร์เก็ตติ้ง จำกัด(สำนักงานใหญ่)สาขาเชียงแสน,TSP000012,Not found,DL,N2,บริษัท ทวียนต์มาร์เก็ตติ้ง จำกัด(สำนักงานใหญ่),B000088783,6560,North,RT,Chain Retail
บริษัท ทวียนต์มาร์เก็ตติ้ง จำกัด(สำนักงานใหญ่)สาขาเวียงชัย,TSP000034,Not found,DL,N2,บริษัท ทวียนต์มาร์เก็ตติ้ง จำกัด(สำนักงานใหญ่),B000088783,6560,North,RT,Chain Retail
บริษัท ทวียนต์มาร์เก็ตติ้ง จำกัด(สำนักงานใหญ่)สาขาประตูสรี,TSP000205,Not found,DL,N2,บริษัท ทวียนต์มาร์เก็ตติ้ง จำกัด(สำนักงานใหญ่),B000088783,6560,North,RT,Chain Retail
บริษัท สหธานีมาร์เก็ตติ้ง จำกัด(สำนักงานใหญ่)สาขาฝาง,TSP000213,Not found,DL,N2,บริษัท สหธานีมาร์เก็ตติ้ง จำกัด(สำนักงานใหญ่),B000088451,6560,North,RT,Chain Retail
บริษัท สินธานีอีเล็คทรอนิกค์ จำกัด (สาขาบ้านดู่ 2 สาขาที่ 00040),B000139754,Not found,DL,N2,บริษัท สินธานีอีเล็คทรอนิกค์ จำกัด,B000088450,6560,North,RT,Direct Retail
บริษัท สินธานีอีเล็คทรอนิกค์ จำกัด (สาขาปล้อง สาขาที่ 00014),B000094545,Not found,DL,N2,บริษัท สินธานีอีเล็คทรอนิกค์ จำกัด,B000088450,6560,North,RT,Direct Retail
บริษัท สินธานีอีเล็คทรอนิกค์ จำกัด (สาขาห้วยสัก),B000094551,Not found,DL,N2,บริษัท สินธานีอีเล็คทรอนิกค์ จำกัด,B000088450,6560,North,RT,Direct Retail
บริษัท สินธานีอีเล็คทรอนิกค์ จำกัด(สาขาเทิง),B000094358,Not found,DL,N2,บริษัท สินธานีอีเล็คทรอนิกค์ จำกัด,B000088450,6560,North,RT,Direct Retail
บริษัท สินธานีอีเล็คทรอนิกค์ จำกัด(สาขาป่าแดด),B000094356,Not found,DL,N2,บริษัท สินธานีอีเล็คทรอนิกค์ จำกัด,B000088450,6560,North,RT,Direct Retail
บริษัท สินธานีอีเล็คทรอนิกค์ จำกัดสาขาเชียงแสน,B000094549,Not found,DL,N2,บริษัท สินธานีอีเล็คทรอนิกค์ จำกัด,B000088450,6560,North,RT,Direct Retail
บริษัท สินธานีอีเล็คทรอนิกค์ จำกัดสาขาเชียงของ,B000094538,Not found,DL,N2,บริษัท สินธานีอีเล็คทรอนิกค์ จำกัด,B000088450,6560,North,RT,Direct Retail
บริษัท สินธานีอีเล็คทรอนิกค์ จำกัดสาขาเชียงรุ้ง,B000094540,Not found,DL,N2,บริษัท สินธานีอีเล็คทรอนิกค์ จำกัด,B000088450,6560,North,RT,Direct Retail
บริษัท สินธานีอีเล็คทรอนิกค์ จำกัดสาขาเวียงแก่น,B000094543,Not found,DL,N2,บริษัท สินธานีอีเล็คทรอนิกค์ จำกัด,B000088450,6560,North,RT,Direct Retail
บริษัท สินธานีอีเล็คทรอนิกค์ จำกัดสาขาเวียงชัย,B000094535,Not found,DL,N2,บริษัท สินธานีอีเล็คทรอนิกค์ จำกัด,B000088450,6560,North,RT,Direct Retail
บริษัท สินธานีอีเล็คทรอนิกค์ จำกัดสาขาแม่ใจ,B000094542,Not found,DL,N2,บริษัท สินธานีอีเล็คทรอนิกค์ จำกัด,B000088450,6560,North,RT,Direct Retail
บริษัท สินธานีอีเล็คทรอนิกค์ จำกัดสาขาแม่ขะจาน,B000094539,Not found,DL,N2,บริษัท สินธานีอีเล็คทรอนิกค์ จำกัด,B000088450,6560,North,RT,Direct Retail
บริษัท สินธานีอีเล็คทรอนิกค์ จำกัดสาขาแม่จัน,B000094534,Not found,DL,N2,บริษัท สินธานีอีเล็คทรอนิกค์ จำกัด,B000088450,6560,North,RT,Direct Retail
บริษัท สินธานีอีเล็คทรอนิกค์ จำกัดสาขาแม่ฟ้าหลวง,B000094548,Not found,DL,N2,บริษัท สินธานีอีเล็คทรอนิกค์ จำกัด,B000088450,6560,North,RT,Direct Retail
บริษัท สินธานีอีเล็คทรอนิกค์ จำกัดสาขาแม่ลาว,B000094550,Not found,DL,N2,บริษัท สินธานีอีเล็คทรอนิกค์ จำกัด,B000088450,6560,North,RT,Direct Retail
บริษัท สินธานีอีเล็คทรอนิกค์ จำกัดสาขาแม่สรวย,B000094537,Not found,DL,N2,บริษัท สินธานีอีเล็คทรอนิกค์ จำกัด,B000088450,6560,North,RT,Direct Retail
บริษัท สินธานีอีเล็คทรอนิกค์ จำกัดสาขาจุน,B000094547,Not found,DL,N2,บริษัท สินธานีอีเล็คทรอนิกค์ จำกัด,B000088450,6560,North,RT,Direct Retail
บริษัท สินธานีอีเล็คทรอนิกค์ จำกัดสาขาบ้านต้า,TSP000192,Not found,DL,N2,บริษัท สินธานีอีเล็คทรอนิกค์ จำกัด,B000088450,6560,North,RT,Direct Retail
บริษัท สินธานีอีเล็คทรอนิกค์ จำกัดสาขาพญาเม็งราย,B000094546,Not found,DL,N2,บริษัท สินธานีอีเล็คทรอนิกค์ จำกัด,B000088450,6560,North,RT,Direct Retail
บริษัท สินธานีอีเล็คทรอนิกค์ จำกัดสาขาพาน,B000094541,Not found,DL,N2,บริษัท สินธานีอีเล็คทรอนิกค์ จำกัด,B000088450,6560,North,RT,Direct Retail
บริษัท สินธานีอีเล็คทรอนิกค์ จำกัดสาขาห้วยไคร้,B000094544,Not found,DL,N2,บริษัท สินธานีอีเล็คทรอนิกค์ จำกัด,B000088450,6560,North,RT,Direct Retail
บริษัท สินธานีอีเล็คทรอนิกค์ จำกัดสาขาบ้านต๋อม,TSP000189,Not found,DL,N2,บริษัท สินธานีอีเล็คทรอนิกค์ จำกัด,B000088450,6560,North,RT,Direct Retail
บริษัท ทวียนต์มาร์เก็ตติ้ง จำกัด(สำนักงานใหญ่),B000088783,Not found,DL,N2,บริษัท ทวียนต์มาร์เก็ตติ้ง จำกัด(สำนักงานใหญ่),B000088783,6560,North,RT,Chain Retail
บริษัท ทวียนต์มาร์เก็ตติ้ง จำกัด(สำนักงานใหญ่) (Chaiang Kham),B000094422,Not found,DL,N2,บริษัท ทวียนต์มาร์เก็ตติ้ง จำกัด(สำนักงานใหญ่),B000088783,6560,North,RT,Chain Retail
บริษัท ทวียนต์มาร์เก็ตติ้ง จำกัด(สำนักงานใหญ่) (สาขา ม.พะเยา สาขาที่ 00044),B000093672,Not found,DL,N2,บริษัท ทวียนต์มาร์เก็ตติ้ง จำกัด(สำนักงานใหญ่),B000088783,6560,North,RT,Chain Retail
บริษัท ทวียนต์มาร์เก็ตติ้ง จำกัด(สำนักงานใหญ่) (สาขาเชียงแสน),B000094427,Not found,DL,N2,บริษัท ทวียนต์มาร์เก็ตติ้ง จำกัด(สำนักงานใหญ่),B000088783,6560,North,RT,Chain Retail
บริษัท ทวียนต์มาร์เก็ตติ้ง จำกัด(สำนักงานใหญ่) (สาขาเชียงของ สาขาที่ 00009),B000093674,Not found,DL,N2,บริษัท ทวียนต์มาร์เก็ตติ้ง จำกัด(สำนักงานใหญ่),B000088783,6560,North,RT,Chain Retail
บริษัท ทวียนต์มาร์เก็ตติ้ง จำกัด(สำนักงานใหญ่) (สาขาเมืองลำปาง สาขาที่ 00060),B000150637,Not found,DL,N2,บริษัท ทวียนต์มาร์เก็ตติ้ง จำกัด(สำนักงานใหญ่),B000088783,6560,North,RT,Chain Retail
บริษัท ทวียนต์มาร์เก็ตติ้ง จำกัด(สำนักงานใหญ่) (สาขาเวียงแก่น สาขาที่ 00027),B000094430,Not found,DL,N2,บริษัท ทวียนต์มาร์เก็ตติ้ง จำกัด(สำนักงานใหญ่),B000088783,6560,North,RT,Chain Retail
บริษัท ทวียนต์มาร์เก็ตติ้ง จำกัด(สำนักงานใหญ่) (สาขาเวียงชัย),B000139598,Not found,DL,N2,บริษัท ทวียนต์มาร์เก็ตติ้ง จำกัด(สำนักงานใหญ่),B000088783,6560,North,RT,Chain Retail
บริษัท ทวียนต์มาร์เก็ตติ้ง จำกัด(สำนักงานใหญ่) (สาขาเวียงป่าเป้า),B000093666,Not found,DL,N2,บริษัท ทวียนต์มาร์เก็ตติ้ง จำกัด(สำนักงานใหญ่),B000088783,6560,North,RT,Chain Retail
บริษัท ทวียนต์มาร์เก็ตติ้ง จำกัด(สำนักงานใหญ่) (สาขาแม่โจ้ สาขาที่ 00047),B000094429,Not found,DL,N2,บริษัท ทวียนต์มาร์เก็ตติ้ง จำกัด(สำนักงานใหญ่),B000088783,6560,North,RT,Chain Retail
บริษัท ทวียนต์มาร์เก็ตติ้ง จำกัด(สำนักงานใหญ่) (สาขาแม่ใจ สาขาที 00022),B000094435,Not found,DL,N2,บริษัท ทวียนต์มาร์เก็ตติ้ง จำกัด(สำนักงานใหญ่),B000088783,6560,North,RT,Chain Retail
บริษัท ทวียนต์มาร์เก็ตติ้ง จำกัด(สำนักงานใหญ่) (สาขาแม่อาย สาขาที่ 00053),B000139612,Not found,DL,N2,บริษัท ทวียนต์มาร์เก็ตติ้ง จำกัด(สำนักงานใหญ่),B000088783,6560,North,RT,Chain Retail
บริษัท ทวียนต์มาร์เก็ตติ้ง จำกัด(สำนักงานใหญ่) (สาขางาว),B000147095,Not found,DL,N2,บริษัท ทวียนต์มาร์เก็ตติ้ง จำกัด(สำนักงานใหญ่),B000088783,6560,North,RT,Chain Retail
บริษัท ทวียนต์มาร์เก็ตติ้ง จำกัด(สำนักงานใหญ่) (สาขาจุน สาขาที่ 00015),B000093669,Not found,DL,N2,บริษัท ทวียนต์มาร์เก็ตติ้ง จำกัด(สำนักงานใหญ่),B000088783,6560,North,RT,Chain Retail
บริษัท ทวียนต์มาร์เก็ตติ้ง จำกัด(สำนักงานใหญ่) (สาขาดอกคำใต้ สาขาที่ 00020),B000094431,Not found,DL,N2,บริษัท ทวียนต์มาร์เก็ตติ้ง จำกัด(สำนักงานใหญ่),B000088783,6560,North,RT,Chain Retail
บริษัท ทวียนต์มาร์เก็ตติ้ง จำกัด(สำนักงานใหญ่) (สาขาทวียนต์สแควร์พะเยา),B000094421,Not found,DL,N2,บริษัท ทวียนต์มาร์เก็ตติ้ง จำกัด(สำนักงานใหญ่),B000088783,6560,North,RT,Chain Retail
บริษัท ทวียนต์มาร์เก็ตติ้ง จำกัด(สำนักงานใหญ่) (สาขาบ้านโฮ่ง),B000148881,Not found,DL,N2,บริษัท ทวียนต์มาร์เก็ตติ้ง จำกัด(สำนักงานใหญ่),B000088783,6560,North,RT,Chain Retail
บริษัท ทวียนต์มาร์เก็ตติ้ง จำกัด(สำนักงานใหญ่) (สาขาปง),B000094810,Not found,DL,N2,บริษัท ทวียนต์มาร์เก็ตติ้ง จำกัด(สำนักงานใหญ่),B000088783,6560,North,RT,Chain Retail
บริษัท ทวียนต์มาร์เก็ตติ้ง จำกัด(สำนักงานใหญ่) (สาขาปล้อง สาขาที่ 00042),B000093673,Not found,DL,N2,บริษัท ทวียนต์มาร์เก็ตติ้ง จำกัด(สำนักงานใหญ่),B000088783,6560,North,RT,Chain Retail
บริษัท ทวียนต์มาร์เก็ตติ้ง จำกัด(สำนักงานใหญ่) (สาขาป่าซาง),B000154055,Not found,DL,N2,บริษัท ทวียนต์มาร์เก็ตติ้ง จำกัด(สำนักงานใหญ่),B000088783,6560,North,RT,Chain Retail
บริษัท ทวียนต์มาร์เก็ตติ้ง จำกัด(สำนักงานใหญ่) (สาขาพญาเม็งราย สาขาที่ 00023),B000094434,Not found,DL,N2,บริษัท ทวียนต์มาร์เก็ตติ้ง จำกัด(สำนักงานใหญ่),B000088783,6560,North,RT,Chain Retail
บริษัท ทวียนต์มาร์เก็ตติ้ง จำกัด(สำนักงานใหญ่) (สาขาพะเยา สาขาที่ 00003),B000094441,Not found,DL,N2,บริษัท ทวียนต์มาร์เก็ตติ้ง จำกัด(สำนักงานใหญ่),B000088783,6560,North,RT,Chain Retail
บริษัท ทวียนต์มาร์เก็ตติ้ง จำกัด(สำนักงานใหญ่) (สาขาพาน),B000093670,Not found,DL,N2,บริษัท ทวียนต์มาร์เก็ตติ้ง จำกัด(สำนักงานใหญ่),B000088783,6560,North,RT,Chain Retail
บริษัท ทวียนต์มาร์เก็ตติ้ง จำกัด(สำนักงานใหญ่) (สาขาร้องกวาง),B000146974,Not found,DL,N2,บริษัท ทวียนต์มาร์เก็ตติ้ง จำกัด(สำนักงานใหญ่),B000088783,6560,North,RT,Chain Retail
บริษัท ทวียนต์มาร์เก็ตติ้ง จำกัด(สำนักงานใหญ่) (สาขาวังเหนือ สาขาที่ 00026),B000094428,Not found,DL,N2,บริษัท ทวียนต์มาร์เก็ตติ้ง จำกัด(สำนักงานใหญ่),B000088783,6560,North,RT,Chain Retail
บริษัท ทวียนต์มาร์เก็ตติ้ง จำกัด(สำนักงานใหญ่) (สาขาวังชิ้น),B000146973,Not found,DL,N2,บริษัท ทวียนต์มาร์เก็ตติ้ง จำกัด(สำนักงานใหญ่),B000088783,6560,North,RT,Chain Retail
บริษัท ทวียนต์มาร์เก็ตติ้ง จำกัด(สำนักงานใหญ่) (สาขาศรีทรายมูล),B000139597,Not found,DL,N2,บริษัท ทวียนต์มาร์เก็ตติ้ง จำกัด(สำนักงานใหญ่),B000088783,6560,North,RT,Chain Retail
บริษัท ทวียนต์มาร์เก็ตติ้ง จำกัด(สำนักงานใหญ่) (สาขาสูงเม่น),B000150638,Not found,DL,N2,บริษัท ทวียนต์มาร์เก็ตติ้ง จำกัด(สำนักงานใหญ่),B000088783,6560,North,RT,Chain Retail
บริษัท ทวียนต์มาร์เก็ตติ้ง จำกัด(สำนักงานใหญ่) (สาขาหกแยกพาน),B000094420,Not found,DL,N2,บริษัท ทวียนต์มาร์เก็ตติ้ง จำกัด(สำนักงานใหญ่),B000088783,6560,North,RT,Chain Retail
บริษัท ทวียนต์มาร์เก็ตติ้ง จำกัด(สำนักงานใหญ่)HQ,TSP000362,Not found,DL,N2,บริษัท ทวียนต์มาร์เก็ตติ้ง จำกัด(สำนักงานใหญ่),B000088783,6560,North,RT,Chain Retail
บริษัท ทวียนต์มาร์เก็ตติ้ง จำกัด(สำนักงานใหญ่)HQ,TSP000363,Not found,DL,N2,บริษัท ทวียนต์มาร์เก็ตติ้ง จำกัด(สำนักงานใหญ่),B000088783,6560,North,RT,Chain Retail
บริษัท ทวียนต์มาร์เก็ตติ้ง จำกัด(สำนักงานใหญ่)สาขา ม.พะเยา,TSP000009,Not found,DL,N2,บริษัท ทวียนต์มาร์เก็ตติ้ง จำกัด(สำนักงานใหญ่),B000088783,6560,North,RT,Chain Retail
บริษัท ทวียนต์มาร์เก็ตติ้ง จำกัด(สำนักงานใหญ่)สาขาเชียงคำ,TSP000020,Not found,DL,N2,บริษัท ทวียนต์มาร์เก็ตติ้ง จำกัด(สำนักงานใหญ่),B000088783,6560,North,RT,Chain Retail
บริษัท ทวียนต์มาร์เก็ตติ้ง จำกัด(สำนักงานใหญ่)สาขาเชียงม่วน,TSP000022,Not found,DL,N2,บริษัท ทวียนต์มาร์เก็ตติ้ง จำกัด(สำนักงานใหญ่),B000088783,6560,North,RT,Chain Retail
บริษัท ทวียนต์มาร์เก็ตติ้ง จำกัด(สำนักงานใหญ่)สาขาเมืองพะเยา,TSP000567,Not found,DL,N2,บริษัท ทวียนต์มาร์เก็ตติ้ง จำกัด(สำนักงานใหญ่),B000088783,6560,North,RT,Chain Retail
บริษัท ทวียนต์มาร์เก็ตติ้ง จำกัด(สำนักงานใหญ่)สาขาเวียงแก่น,TSP000033,Not found,DL,N2,บริษัท ทวียนต์มาร์เก็ตติ้ง จำกัด(สำนักงานใหญ่),B000088783,6560,North,RT,Chain Retail
บริษัท ทวียนต์มาร์เก็ตติ้ง จำกัด(สำนักงานใหญ่)สาขาแม่แตง,TSP000049,Not found,DL,N2,บริษัท ทวียนต์มาร์เก็ตติ้ง จำกัด(สำนักงานใหญ่),B000088783,6560,North,RT,Chain Retail
บริษัท ทวียนต์มาร์เก็ตติ้ง จำกัด(สำนักงานใหญ่)สาขาแม่โจ้,TSP000050,Not found,DL,N2,บริษัท ทวียนต์มาร์เก็ตติ้ง จำกัด(สำนักงานใหญ่),B000088783,6560,North,RT,Chain Retail
บริษัท ทวียนต์มาร์เก็ตติ้ง จำกัด(สำนักงานใหญ่)สาขาแม่ขะจาน,TSP000053,Not found,DL,N2,บริษัท ทวียนต์มาร์เก็ตติ้ง จำกัด(สำนักงานใหญ่),B000088783,6560,North,RT,Chain Retail
บริษัท ทวียนต์มาร์เก็ตติ้ง จำกัด(สำนักงานใหญ่)สาขาแม่ฟ้าหลวง,TSP000056,Not found,DL,N2,บริษัท ทวียนต์มาร์เก็ตติ้ง จำกัด(สำนักงานใหญ่),B000088783,6560,North,RT,Chain Retail
บริษัท ทวียนต์มาร์เก็ตติ้ง จำกัด(สำนักงานใหญ่)สาขาแม่ลาว,TSP000059,Not found,DL,N2,บริษัท ทวียนต์มาร์เก็ตติ้ง จำกัด(สำนักงานใหญ่),B000088783,6560,North,RT,Chain Retail
บริษัท ทวียนต์มาร์เก็ตติ้ง จำกัด(สำนักงานใหญ่)สาขาแม่สรวย,TSP000061,Not found,DL,N2,บริษัท ทวียนต์มาร์เก็ตติ้ง จำกัด(สำนักงานใหญ่),B000088783,6560,North,RT,Chain Retail
บริษัท ทวียนต์มาร์เก็ตติ้ง จำกัด(สำนักงานใหญ่)สาขาแม่สอด,TSP000065,Not found,DL,N2,บริษัท ทวียนต์มาร์เก็ตติ้ง จำกัด(สำนักงานใหญ่),B000088783,6560,North,RT,Chain Retail
บริษัท ทวียนต์มาร์เก็ตติ้ง จำกัด(สำนักงานใหญ่)สาขาจุน,TSP000106,Not found,DL,N2,บริษัท ทวียนต์มาร์เก็ตติ้ง จำกัด(สำนักงานใหญ่),B000088783,6560,North,RT,Chain Retail
บริษัท ทวียนต์มาร์เก็ตติ้ง จำกัด(สำนักงานใหญ่)สาขาบ้านต๋อม,TSP000187,Not found,DL,N2,บริษัท ทวียนต์มาร์เก็ตติ้ง จำกัด(สำนักงานใหญ่),B000088783,6560,North,RT,Chain Retail
บริษัท ทวียนต์มาร์เก็ตติ้ง จำกัด(สำนักงานใหญ่)สาขาบ้านต้า,TSP000190,Not found,DL,N2,บริษัท ทวียนต์มาร์เก็ตติ้ง จำกัด(สำนักงานใหญ่),B000088783,6560,North,RT,Chain Retail
บริษัท ทวียนต์มาร์เก็ตติ้ง จำกัด(สำนักงานใหญ่)สาขาปล้อง,TSP000208,Not found,DL,N2,บริษัท ทวียนต์มาร์เก็ตติ้ง จำกัด(สำนักงานใหญ่),B000088783,6560,North,RT,Chain Retail
บริษัท ทวียนต์มาร์เก็ตติ้ง จำกัด(สำนักงานใหญ่)สาขาป่าแดด,TSP000210,Not found,DL,N2,บริษัท ทวียนต์มาร์เก็ตติ้ง จำกัด(สำนักงานใหญ่),B000088783,6560,North,RT,Chain Retail
บริษัท ทวียนต์มาร์เก็ตติ้ง จำกัด(สำนักงานใหญ่)สาขามอลล์,TSP000239,Not found,DL,N2,บริษัท ทวียนต์มาร์เก็ตติ้ง จำกัด(สำนักงานใหญ่),B000088783,6560,North,RT,Chain Retail
บริษัท ทวียนต์มาร์เก็ตติ้ง จำกัด(สำนักงานใหญ่)สาขาวังเหนือ,TSP000275,Not found,DL,N2,บริษัท ทวียนต์มาร์เก็ตติ้ง จำกัด(สำนักงานใหญ่),B000088783,6560,North,RT,Chain Retail
บริษัท ทวียนต์มาร์เก็ตติ้ง จำกัด(สำนักงานใหญ่)สาขาสอง,TSP000292,Not found,DL,N2,บริษัท ทวียนต์มาร์เก็ตติ้ง จำกัด(สำนักงานใหญ่),B000088783,6560,North,RT,Chain Retail
บริษัท สินธานีอีเล็คทรอนิกค์ จำกัด,B000088450,Not found,DL,N2,บริษัท สินธานีอีเล็คทรอนิกค์ จำกัด,B000088450,6560,North,RT,Direct Retail
บริษัท สินธานีอีเล็คทรอนิกค์ จำกัด (สาขาเวียงสา สาขาที่ 00041),B000147736,Not found,DL,N2,บริษัท สินธานีอีเล็คทรอนิกค์ จำกัด,B000088450,6560,North,RT,Direct Retail
บริษัท สินธานีอีเล็คทรอนิกค์ จำกัด(ไชยปราการ),B000109562,Not found,DL,N2,บริษัท สินธานีอีเล็คทรอนิกค์ จำกัด,B000088450,6560,North,RT,Direct Retail
บริษัท สินธานีอีเล็คทรอนิกค์ จำกัด(สาขาปง),B000094357,Not found,DL,N2,บริษัท สินธานีอีเล็คทรอนิกค์ จำกัด,B000088450,6560,North,RT,Direct Retail
บริษัท สินธานีอีเล็คทรอนิกค์ จำกัดHQ,TSP000369,Not found,DL,N2,บริษัท สินธานีอีเล็คทรอนิกค์ จำกัด,B000088450,6560,North,RT,Direct Retail
บริษัท สินธานีอีเล็คทรอนิกค์ จำกัดสาขาเวียงป่าเป้า,TSP000036,Not found,DL,N2,บริษัท สินธานีอีเล็คทรอนิกค์ จำกัด,B000088450,6560,North,RT,Direct Retail
บริษัท สินธานีอีเล็คทรอนิกค์ จำกัดสาขาคอมเพล็กซ์,TSP000102,Not found,DL,N2,บริษัท สินธานีอีเล็คทรอนิกค์ จำกัด,B000088450,6560,North,RT,Direct Retail
บริษัท สินธานีอีเล็คทรอนิกค์ จำกัดสาขาที่ 00038,B000095040,Not found,DL,N2,บริษัท สินธานีอีเล็คทรอนิกค์ จำกัด,B000088450,6560,North,RT,Direct Retail
บริษัท สินธานีอีเล็คทรอนิกค์ จำกัดสาขาสำนักงานใหญ่,TSP000477,Not found,DL,N2,บริษัท สินธานีอีเล็คทรอนิกค์ จำกัด,B000088450,6560,North,RT,Direct Retail
บริษัท สินธุดีไซน์ แอนด์เซอร์วิส จำกัด (สำนักงานใหญ่)เซอร์วิส จำกัด,B000089665,Not found,DL,N2,บริษัท สินธุดีไซน์ แอนด์เซอร์วิส จำกัด (สำนักงานใหญ่)เซอร์วิส จำกัด,B000089665,6560,BKK Central,RT,Direct Retail
ห้างหุ้นส่วนจำกัด สหธานีมาร์เก็ตติ้ง,B000093859,Not found,DL,N2,บริษัท สหธานีมาร์เก็ตติ้ง จำกัด(สำนักงานใหญ่),B000088451,6560,North,RT,Chain Retail
ห้างหุ้นส่วนจำกัด สหธานีมาร์เก็ตติ้ง(สาขาป่าแดด),B000094011,Not found,DL,N2,บริษัท สหธานีมาร์เก็ตติ้ง จำกัด(สำนักงานใหญ่),B000088451,6560,North,RT,Chain Retail
ห้างหุ้นส่วนจำกัด สหธานีมาร์เก็ตติ้งสาขาที่ 5,B000093858,Not found,DL,N2,บริษัท สหธานีมาร์เก็ตติ้ง จำกัด(สำนักงานใหญ่),B000088451,6560,North,RT,Chain Retail
ห้างหุ้นส่วนจำกัด สหธานีมาร์เก็ตติ้งสาขาที่ 7,B000093857,Not found,DL,N2,บริษัท สหธานีมาร์เก็ตติ้ง จำกัด(สำนักงานใหญ่),B000088451,6560,North,RT,Chain Retail
ห้างหุ้นส่วนจำกัด สหธานีมาร์เก็ตติ้งสาขาที่ 8,B000093856,Not found,DL,N2,บริษัท สหธานีมาร์เก็ตติ้ง จำกัด(สำนักงานใหญ่),B000088451,6560,North,RT,Chain Retail
ห้างหุ้นส่วนจำกัด สหธานีมาร์เก็ตติ้งสาขาที่ 9,B000093855,Not found,DL,N2,บริษัท สหธานีมาร์เก็ตติ้ง จำกัด(สำนักงานใหญ่),B000088451,6560,North,RT,Chain Retail
บริษัท เสรี อิเลคทริก จำกัด(สาขากุมภวาปี),B000094982,Not found,DL,NE1,บริษัท เสรีอิเลคทริค จำกัด (สำนักงานใหญ่),B000089481,6560,Northeast,RT,Direct Retail
บริษัท ไอคิว ไพบูลย์ กรุ๊ป จำกัดHQ,TSP000597,Not found,DL,NE1,บริษัท ไอคิว ไพบูลย์ กรุ๊ป จำกัด,B000088923,6560,Northeast,RT,Direct Retail
บริษัท แสงดำรง จำกัด,B000089043,Not found,DL,NE1,บริษัท แสงดำรง จำกัด,B000089043,6560,South,RT,Direct Retail
บริษัท ไอคิว ไพบูลย์ กรุ๊ป จำกัดสาขาเพ็ญ,TSP000598,Not found,DL,NE1,บริษัท ไอคิว ไพบูลย์ กรุ๊ป จำกัด,B000088923,6560,Northeast,RT,Direct Retail
บริษัท ไอคิว ไพบูลย์ กรุ๊ป จำกัดสาขาโนนสะอาด,TSP000599,Not found,DL,NE1,บริษัท ไอคิว ไพบูลย์ กรุ๊ป จำกัด,B000088923,6560,Northeast,RT,Direct Retail
บริษัท ไอคิว ไพบูลย์ กรุ๊ป จำกัดสาขาน้ำโสม,TSP000603,Not found,DL,NE1,บริษัท ไอคิว ไพบูลย์ กรุ๊ป จำกัด,B000088923,6560,Northeast,RT,Direct Retail
บริษัท ไอคิว ไพบูลย์ กรุ๊ป จำกัดสาขาผาขาว,TSP000600,Not found,DL,NE1,บริษัท ไอคิว ไพบูลย์ กรุ๊ป จำกัด,B000088923,6560,Northeast,RT,Direct Retail
บริษัท ไอคิว ไพบูลย์ กรุ๊ป จำกัดสาขาศหนองบัวลำภู,TSP000604,Not found,DL,NE1,บริษัท ไอคิว ไพบูลย์ กรุ๊ป จำกัด,B000088923,6560,Northeast,RT,Direct Retail
บริษัท ไอคิว ไพบูลย์ กรุ๊ป จำกัดสาขาสุวรณคูหา,TSP000601,Not found,DL,NE1,บริษัท ไอคิว ไพบูลย์ กรุ๊ป จำกัด,B000088923,6560,Northeast,RT,Direct Retail
บริษัท ไอคิว ไพบูลย์ กรุ๊ป จำกัดสาขาอุบลรัตน์,TSP000602,Not found,DL,NE1,บริษัท ไอคิว ไพบูลย์ กรุ๊ป จำกัด,B000088923,6560,Northeast,RT,Direct Retail
บริษัท ดำรงค์พานิช คอนสตรัคชั่น จำกัด,B000089485,Not found,DL,NE1,HOME_PLUS_STORE-MAHASAKHAM,B000089485,6560,Northeast,RT,Direct Retail
บริษัท เสรีอิเลคทริค จำกัด (สำนักงานใหญ่) (นากลาง สาขาที่ 00010),B000128932,Not found,DL,NE1,บริษัท เสรีอิเลคทริค จำกัด (สำนักงานใหญ่),B000089481,6560,Northeast,RT,Direct Retail
บริษัท เสรีอิเลคทริก จำกัด(สาขาศรีบุญเรือง),B000094560,Not found,DL,NE1,บริษัท เสรีอิเลคทริค จำกัด (สำนักงานใหญ่),B000089481,6560,Northeast,RT,Direct Retail
บริษัท เน็คกี้ เบสท์ จำกัด(สาขาอุดรธานี),B000089064,Not found,DL,NE2,บริษัท เน็คกี้ เบสท์ จำกัด สาขาที่ 00001(สาขาอุดรธานี),B000089064,6560,Northeast,RT,Chain Retail
บริษัท ไทยเพิ่มพูลโฮมช็อป จำกัด(สำนักงานใหญ่) (สาขากุฉินารายณ์),B000094379,Not found,DL,NE2,บริษัท ไทยเพิ่มพูลโฮมช็อป จำกัด(สำนักงานใหญ่),B000089302,6560,Northeast,RT,Direct Retail
ตั๋งพานิช ไฮเทค เซ็นเตอร์ (สาขาจอมพระ),B000089129,Not found,DL,NE2,ตั๋งพานิช ไฮเทค เซ็นเตอร์,B000089129,6560,Northeast,WS,Distribution
ตั๋งพานิช ไฮเทค เซ็นเตอร์สาขาตั๋งพานิช อุมทุมพร,TSP000631,Not found,DL,NE2,ตั๋งพานิช ไฮเทค เซ็นเตอร์,B000089129,6560,Northeast,WS,Distribution
บริษัท เจริญสุขโฮมพลัส จำกัด,B000089307,Not found,DL,NE2,บริษัท เจริญสุขโฮมพลัส จำกัด,B000089307,6560,Northeast,RT,Direct Retail
บริษัท ไทยเพิ่มพูลโฮมช็อป จำกัด(สำนักงานใหญ่) (สาขานางรอง สาขาที่ 00001),B000094405,Not found,DL,NE2,บริษัท ไทยเพิ่มพูลโฮมช็อป จำกัด(สำนักงานใหญ่),B000089302,6560,Northeast,RT,Direct Retail
บริษัท ไทยเพิ่มพูลโฮมช็อป จำกัด(สำนักงานใหญ่)สาขากระนวน,TSP000078,Not found,DL,NE2,บริษัท ไทยเพิ่มพูลโฮมช็อป จำกัด(สำนักงานใหญ่),B000089302,6560,Northeast,RT,Direct Retail
บริษัท ไทยเพิ่มพูลโฮมช็อป รีเทล จำกัดสำนักงานใหญ่ (สาขาพังโคน สาขาที่ 00002),B000094404,Not found,DL,NE2,บริษัท ไทยเพิ่มพูลโฮมช็อป รีเทล จำกัด(สำนักงานใหญ่),B000089375,6560,Northeast,RT,Direct Retail
บริษัท ไทยเพิ่มพูลโฮมช็อปเซ็นเตอร์ จำกัด (สำนักงานใหญ่) (สาขาพยัคฆภูมิพิสัย สาขาที่ 00001),B000094397,Not found,DL,NE2,บริษัท ไทยเพิ่มพูลโฮมช็อปเซ็นเตอร์ จำกัด (สำนักงานใหญ่),B000089332,6560,Northeast,RT,Direct Retail
บริษัท ไทยเพิ่มพูลโฮมช็อป จำกัด(สำนักงานใหญ่)HQ,TSP000358,Not found,DL,NE2,บริษัท ไทยเพิ่มพูลโฮมช็อป จำกัด(สำนักงานใหญ่),B000089302,6560,Northeast,RT,Direct Retail
บริษัท ไทยเพิ่มพูลโฮมช็อป จำกัด(สำนักงานใหญ่)สาขาพยัคฆภูมิพิสัย,TSP000215,Not found,DL,NE2,บริษัท ไทยเพิ่มพูลโฮมช็อป จำกัด(สำนักงานใหญ่),B000089302,6560,Northeast,RT,Direct Retail
ห้างหุ้นส่วนจำกัด เน็คกี้,B000089067,Not found,DL,NE2,ห้างหุ้นส่วนจำกัด เน็คกี้,B000089067,6560,Northeast,RT,Chain Retail
บริษัท ปัตตานีอินโฟกัส จำกัด (สาขา2),B000148985,Not found,DL,S,บริษัท ปัตตานีอินโฟกัส จำกัด,B000088919,6560,South,RT,Direct Retail
บริษัท วี.เอ็น.พี.วอซ์ท แอนด์ อีเล็คทริคจำกัดHQ,TSP000537,Not found,DL,S,บริษัท วี.เอ็น.พี.วอซ์ท แอนด์ อีเล็คทริคจำกัด,B000088556,6560,South,WS,Distribution
บริษัท วี.เอ็น.พี.วอซ์ท แอนด์ อีเล็คทริค จำกัด,B000088556,Not found,DL,S,บริษัท วี.เอ็น.พี.วอซ์ท แอนด์ อีเล็คทริคจำกัด,B000088556,6560,South,WS,Distribution
บริษัท วี.เอ็น.พี.วอซ์ท แอนด์ อีเล็คทริค จำกัด (สาขาเสน่ห์การไฟฟ้า คูหา สงขลา),B000143002,Not found,DL,S,บริษัท วี.เอ็น.พี.วอซ์ท แอนด์ อีเล็คทริคจำกัด,B000088556,6560,South,WS,Distribution
บริษัท วี.เอ็น.พี.วอซ์ท แอนด์ อีเล็คทริค จำกัด (สาขาโชติอนุสร พัทลุง),B000142998,Not found,DL,S,บริษัท วี.เอ็น.พี.วอซ์ท แอนด์ อีเล็คทริคจำกัด,B000088556,6560,South,WS,Distribution
บริษัท วี.เอ็น.พี.วอซ์ท แอนด์ อีเล็คทริค จำกัด (สาขาโต๊ะกังแอร์ นครศรีธรรมราช),B000142661,Not found,DL,S,บริษัท วี.เอ็น.พี.วอซ์ท แอนด์ อีเล็คทริคจำกัด,B000088556,6560,South,WS,Distribution
บริษัท วี.เอ็น.พี.วอซ์ท แอนด์ อีเล็คทริค จำกัด (สาขาจรัญเครื่องเหล็ก ภูเก็ต),B000142996,Not found,DL,S,บริษัท วี.เอ็น.พี.วอซ์ท แอนด์ อีเล็คทริคจำกัด,B000088556,6560,South,WS,Distribution
บริษัท วี.เอ็น.พี.วอซ์ท แอนด์ อีเล็คทริค จำกัด (สาขาจรูญการไฟฟ้า สุราษฎร์ธานี),B000142997,Not found,DL,S,บริษัท วี.เอ็น.พี.วอซ์ท แอนด์ อีเล็คทริคจำกัด,B000088556,6560,South,WS,Distribution
บริษัท วี.เอ็น.พี.วอซ์ท แอนด์ อีเล็คทริค จำกัด (สาขาจินดาการไฟฟ้า ตรัง),B000142999,Not found,DL,S,บริษัท วี.เอ็น.พี.วอซ์ท แอนด์ อีเล็คทริคจำกัด,B000088556,6560,South,WS,Distribution
บริษัท วี.เอ็น.พี.วอซ์ท แอนด์ อีเล็คทริค จำกัด (สาขาจินดาการไฟฟ้า นครศรีธรรมราช),B000142659,Not found,DL,S,บริษัท วี.เอ็น.พี.วอซ์ท แอนด์ อีเล็คทริคจำกัด,B000088556,6560,South,WS,Distribution
บริษัท วี.เอ็น.พี.วอซ์ท แอนด์ อีเล็คทริค จำกัด (สาขาจุฬาการไฟฟ้า สตูล),B000142657,Not found,DL,S,บริษัท วี.เอ็น.พี.วอซ์ท แอนด์ อีเล็คทริคจำกัด,B000088556,6560,South,WS,Distribution
บริษัท วี.เอ็น.พี.วอซ์ท แอนด์ อีเล็คทริค จำกัด (สาขาทอมนาฬิกา ชิชล นครศรีธรรมราช),B000142662,Not found,DL,S,บริษัท วี.เอ็น.พี.วอซ์ท แอนด์ อีเล็คทริคจำกัด,B000088556,6560,South,WS,Distribution
บริษัท วี.เอ็น.พี.วอซ์ท แอนด์ อีเล็คทริค จำกัด (สาขาทิญาภา พัทลุง),B000143001,Not found,DL,S,บริษัท วี.เอ็น.พี.วอซ์ท แอนด์ อีเล็คทริคจำกัด,B000088556,6560,South,WS,Distribution
บริษัท วี.เอ็น.พี.วอซ์ท แอนด์ อีเล็คทริค จำกัด (สาขาทีเอการไฟฟ้า สตูล),B000142658,Not found,DL,S,บริษัท วี.เอ็น.พี.วอซ์ท แอนด์ อีเล็คทริคจำกัด,B000088556,6560,South,WS,Distribution
บริษัท วี.เอ็น.พี.วอซ์ท แอนด์ อีเล็คทริค จำกัด (สาขาบัวหลวงการไฟฟ้า นครศรีธรรมราช),B000142660,Not found,DL,S,บริษัท วี.เอ็น.พี.วอซ์ท แอนด์ อีเล็คทริคจำกัด,B000088556,6560,South,WS,Distribution
บริษัท วี.เอ็น.พี.วอซ์ท แอนด์ อีเล็คทริค จำกัด (สาขาบางขันนาฬิกา นครศรีธรรมราช),B000142663,Not found,DL,S,บริษัท วี.เอ็น.พี.วอซ์ท แอนด์ อีเล็คทริคจำกัด,B000088556,6560,South,WS,Distribution
บริษัท วี.เอ็น.พี.วอซ์ท แอนด์ อีเล็คทริค จำกัด (สาขาป่ายอมแอร์ พัทลุง),B000143000,Not found,DL,S,บริษัท วี.เอ็น.พี.วอซ์ท แอนด์ อีเล็คทริคจำกัด,B000088556,6560,South,WS,Distribution
บริษัท วี.เอ็น.พี.วอซ์ท แอนด์ อีเล็คทริค จำกัด (สาขาพรุพ้อการไฟฟ้า พัทลุง),B000143003,Not found,DL,S,บริษัท วี.เอ็น.พี.วอซ์ท แอนด์ อีเล็คทริคจำกัด,B000088556,6560,South,WS,Distribution
บริษัท วี.เอ็น.พี.วอซ์ท แอนด์ อีเล็คทริค จำกัด (สาขาพังงาการไฟฟ้า พังงา),B000143485,Not found,DL,S,บริษัท วี.เอ็น.พี.วอซ์ท แอนด์ อีเล็คทริคจำกัด,B000088556,6560,South,WS,Distribution
บริษัท วี.เอ็น.พี.วอซ์ท แอนด์ อีเล็คทริค จำกัด (สาขามาดีการไฟฟ้า สุราษฎร์ธานี),B000143142,Not found,DL,S,บริษัท วี.เอ็น.พี.วอซ์ท แอนด์ อีเล็คทริคจำกัด,B000088556,6560,South,WS,Distribution
บริษัท วี.เอ็น.พี.วอซ์ท แอนด์ อีเล็คทริค จำกัด (สาขาวัชริทร์การไฟฟฟ้า พัทลุง),B000142995,Not found,DL,S,บริษัท วี.เอ็น.พี.วอซ์ท แอนด์ อีเล็คทริคจำกัด,B000088556,6560,South,WS,Distribution
บริษัท วี.เอ็น.พี.วอซ์ท แอนด์ อีเล็คทริคจำกัด ( วี.อีเล็คโทรมาร์ท สาขาที่ 00005),B000153583,Not found,DL,S,บริษัท วี.เอ็น.พี.วอซ์ท แอนด์ อีเล็คทริคจำกัด,B000088556,6560,South,WS,Distribution
บริษัท วี.เอ็น.พี.วอซ์ท แอนด์ อีเล็คทริคจำกัด (สาขา BP สาขาที่ 00003),B000154176,Not found,DL,S,บริษัท วี.เอ็น.พี.วอซ์ท แอนด์ อีเล็คทริคจำกัด,B000088556,6560,South,WS,Distribution
บริษัท วี.เอ็น.พี.วอซ์ท แอนด์ อีเล็คทริคจำกัด (สาขาแม่ขรี สาขาที่ 00000),B000154175,Not found,DL,S,บริษัท วี.เอ็น.พี.วอซ์ท แอนด์ อีเล็คทริคจำกัด,B000088556,6560,South,WS,Distribution
บริษัท วี.เอ็น.พี.วอซ์ท แอนด์ อีเล็คทริคจำกัด (สาขาวี.เอ็น.พี อิเล็คทริคโฮมพลาซ่า สาขาที่ 00006),B000154177,Not found,DL,S,บริษัท วี.เอ็น.พี.วอซ์ท แอนด์ อีเล็คทริคจำกัด,B000088556,6560,South,WS,Distribution
บริษัท วี.เอ็น.พี.วอซ์ท แอนด์ อีเล็คทริคจำกัดขายแอร์อย่างเดียว,TSP000545,Not found,DL,S,บริษัท วี.เอ็น.พี.วอซ์ท แอนด์ อีเล็คทริคจำกัด,B000088556,6560,South,WS,Distribution
บริษัท วี.เอ็น.พี.วอซ์ท แอนด์ อีเล็คทริคจำกัดสาขาจ.วัฒนาพาณิชย์,TSP000538,Not found,DL,S,บริษัท วี.เอ็น.พี.วอซ์ท แอนด์ อีเล็คทริคจำกัด,B000088556,6560,South,WS,Distribution
บริษัท วี.เอ็น.พี.วอซ์ท แอนด์ อีเล็คทริคจำกัดสาขาวีอีเล็คโทรมาร์ท,TSP000542,Not found,DL,S,บริษัท วี.เอ็น.พี.วอซ์ท แอนด์ อีเล็คทริคจำกัด,B000088556,6560,South,WS,Distribution
บริษัท วี.เอ็น.พี.วอซ์ท แอนด์ อีเล็คทริคจำกัดสาขาสำนักงานใหญ่ 2,TSP000543,Not found,DL,S,บริษัท วี.เอ็น.พี.วอซ์ท แอนด์ อีเล็คทริคจำกัด,B000088556,6560,South,WS,Distribution
ห้างหุ้นส่วนจำกัด จเร การไฟฟ้า แอนด์เซอร์วิส,B000103484,Not found,DL,S,ห้างหุ้นส่วนจำกัด จเร การไฟฟ้า แอนด์เซอร์วิส,B000103484,6560,South,RT,Direct Retail
บจก.สยามชัยเซอร์วิส (สาขาเหมราช),B000093935,Not found,DL,SIAMCHAI,บริษัท สยามชัย เซอร์วิส จำกัด,B000088846,6560,West&East,RT,Chain Retail
บริษัท สยามชัย เซอร์วิส จำกัด (สาขาคลอง 8),B000093865,Not found,DL,SIAMCHAI,บริษัท สยามชัย เซอร์วิส จำกัด,B000088846,6560,BKK Central,RT,Chain Retail
บริษัท สยามชัย เซอร์วิส จำกัด(สินสมบูรณ์3) สาขาสินสมบูรณ์ 3,B000093871,Not found,DL,SIAMCHAI,บริษัท สยามชัย เซอร์วิส จำกัด,B000088846,6560,BKK Central,RT,Chain Retail
บริษัท สยามชัย เซอร์วิส จำกัดสาขา คลอง6,B000094722,Not found,DL,SIAMCHAI,บริษัท สยามชัย เซอร์วิส จำกัด,B000088846,6560,BKK Central,RT,Chain Retail
บริษัท สยามชัย เซอร์วิส จำกัดสาขา ท่าตะโก,B000094813,Not found,DL,SIAMCHAI,บริษัท สยามชัย เซอร์วิส จำกัด,B000088846,6560,North,RT,Chain Retail
บริษัท สยามชัย เซอร์วิส จำกัดสาขา หนองกี่,B000095045,Not found,DL,SIAMCHAI,บริษัท สยามชัย เซอร์วิส จำกัด,B000088846,6560,Northeast,RT,Chain Retail
บริษัท สยามชัย เซอร์วิส จำกัดสาขาเกษตรสมบรูณ์,B000094740,Not found,DL,SIAMCHAI,บริษัท สยามชัย เซอร์วิส จำกัด,B000088846,6560,Northeast,RT,Chain Retail
บริษัท สยามชัย เซอร์วิส จำกัดสาขาแบริ่ง,B000094617,Not found,DL,SIAMCHAI,บริษัท สยามชัย เซอร์วิส จำกัด,B000088846,6560,BKK Central,RT,Chain Retail
บริษัท สยามชัย เซอร์วิส จำกัดสาขาถนนอุดมสุข,B000094730,Not found,DL,SIAMCHAI,บริษัท สยามชัย เซอร์วิส จำกัด,B000088846,6560,BKK Central,RT,Chain Retail
บริษัท สยามชัย เซอร์วิส จำกัดสาขารามอินทรา2,B000094770,Not found,DL,SIAMCHAI,บริษัท สยามชัย เซอร์วิส จำกัด,B000088846,6560,BKK Central,RT,Chain Retail
บริษัท สยามชัย เซอร์วิส จำกัดสาขาลาดสวาย,B000094509,Not found,DL,SIAMCHAI,บริษัท สยามชัย เซอร์วิส จำกัด,B000088846,6560,BKK Central,RT,Chain Retail
บริษัท สยามชัย เซอร์วิส จำกัดสาขาสันป่าตอง,B000094720,Not found,DL,SIAMCHAI,บริษัท สยามชัย เซอร์วิส จำกัด,B000088846,6560,North,RT,Chain Retail
บริษัท สยามชัย เซอร์วิส จำกัดสาขาสุขุมวิท 71,B000094772,Not found,DL,SIAMCHAI,บริษัท สยามชัย เซอร์วิส จำกัด,B000088846,6560,BKK Central,RT,Chain Retail
บริษัท สยามชัยเซอร์วิส จำกัด(สาขา มาบยางพร 2),B000093884,Not found,DL,SIAMCHAI,บริษัท สยามชัย เซอร์วิส จำกัด,B000088846,6560,West&East,RT,Chain Retail
บริษัท สยามชัยเซอร์วิส จำกัดสาขาหนองบัวอุดรธานี,B000094751,Not found,DL,SIAMCHAI,บริษัท สยามชัย เซอร์วิส จำกัด,B000088846,6560,Northeast,RT,Chain Retail
(สาขาหนองม่วง) บจก.สยามชัย เซอร์วิส,B000094002,Not found,DL,SIAMCHAI,บริษัท สยามชัย เซอร์วิส จำกัด,B000088846,6560,West&East,RT,Chain Retail
บจก.สยามชัยเซอร์วิส (สาขาสัตหีบ2),B000093839,Not found,DL,SIAMCHAI,บริษัท สยามชัย เซอร์วิส จำกัด,B000088846,6560,West&East,RT,Chain Retail
"บจก.สยามชัยเซอร์วิส(โกดังบางนา)Siamchai Service Co.,Ltd.(Bangna Store)",B000093813,Not found,DL,SIAMCHAI,บริษัท สยามชัย เซอร์วิส จำกัด,0000006560,6560,-,RT,Direct Retail
บริษัท สยามชัย เซอร์วิส จำกัด (สาขา วารินชำราบ2),B000143137,Not found,DL,SIAMCHAI,บริษัท สยามชัย เซอร์วิส จำกัด,B000088846,6560,BKK Central,RT,Chain Retail
บริษัท สยามชัย เซอร์วิส จำกัด (สาขาเชียงใหม่พลาซ่า),B000153528,Not found,DL,SIAMCHAI,บริษัท สยามชัย เซอร์วิส จำกัด,B000088846,6560,BKK Central,RT,Chain Retail
บริษัท สยามชัย เซอร์วิส จำกัด (สาขาคลองสี 2),B000153527,Not found,DL,SIAMCHAI,บริษัท สยามชัย เซอร์วิส จำกัด,B000088846,6560,BKK Central,RT,Chain Retail
บริษัท สยามชัย เซอร์วิส จำกัด (สาขาลาดหลุมแก้ว 2),B000151170,Not found,DL,SIAMCHAI,บริษัท สยามชัย เซอร์วิส จำกัด,B000088846,6560,BKK Central,RT,Chain Retail
บริษัท สยามชัย เซอร์วิส จำกัด (สาขาเฟอร์-เลย4),B000148763,Not found,DL,SIAMCHAI,บริษัท สยามชัย เซอร์วิส จำกัด,B000088846,6560,Northeast,RT,Chain Retail
บริษัท สยามชัย เซอร์วิส จำกัด (สาขาแก่งคอย),B000094260,Not found,DL,SIAMCHAI,บริษัท สยามชัย เซอร์วิส จำกัด,B000088846,6560,BKK Central,RT,Chain Retail
บริษัท สยามชัย เซอร์วิส จำกัด (สาขาท่าอิฐ 2),B000147565,Not found,DL,SIAMCHAI,บริษัท สยามชัย เซอร์วิส จำกัด,B000088846,6560,BKK Central,RT,Chain Retail
บริษัท สยามชัย เซอร์วิส จำกัด (สาขาบางเลน),B000142656,Not found,DL,SIAMCHAI,บริษัท สยามชัย เซอร์วิส จำกัด,B000088846,6560,West&East,RT,Chain Retail
บริษัท สยามชัย เซอร์วิส จำกัด (สาขาระยอง2),B000148777,Not found,DL,SIAMCHAI,บริษัท สยามชัย เซอร์วิส จำกัด,B000088846,6560,West&East,RT,Chain Retail
บริษัท สยามชัย เซอร์วิส จำกัด (สาขาสูงเนิน),B000094262,Not found,DL,SIAMCHAI,บริษัท สยามชัย เซอร์วิส จำกัด,B000088846,6560,BKK Central,RT,Chain Retail
บริษัท สยามชัย เซอร์วิส จำกัด (สาขาอุดรธานี2),B000094261,Not found,DL,SIAMCHAI,บริษัท สยามชัย เซอร์วิส จำกัด,B000088846,6560,BKK Central,RT,Chain Retail
บริษัท สยามชัย เซอร์วิส จำกัด(สาขาลำลูกกา),B000093888,Not found,DL,SIAMCHAI,บริษัท สยามชัย เซอร์วิส จำกัด,B000088846,6560,BKK Central,RT,Chain Retail
บริษัท สยามชัย เซอร์วิส จำกัดสาขาพรประภานิมิตร,B000094476,Not found,DL,SIAMCHAI,บริษัท สยามชัย เซอร์วิส จำกัด,B000088846,6560,West&East,RT,Chain Retail
บริษัท สยามชัยเซอร์วิส จำกัดนครสวรรค์ พลาซ่า,B000093753,Not found,DL,SIAMCHAI,บริษัท สยามชัย เซอร์วิส จำกัด,B000088846,6560,North,RT,Chain Retail
"บริษัทสยามชัยเซอร์วิส(สาขาบ่อวิน4)Siamchai Service Co.,Ltd.(Bohvin4)",B000093812,Not found,DL,SIAMCHAI,บริษัท สยามชัย เซอร์วิส จำกัด,0000006560,6560,-,RT,Direct Retail
สยามชัย แอร์,B000089746,Not found,DL,SIAMCHAI,สยามชัย แอร์,B000089746,6560,South,WS,AC Special Shop
บริษัท สตาร์ มันนี่ จำกัด (มหาชน) (แก่งหางแมว สาขาที่ 003),B000093789,Not found,DL,WE1,บริษัท สตาร์ มันนี่ จำกัด (มหาชน),B000088931,6560,West&East,RT,Chain Retail
บริษัท สตาร์ มันนี่ จำกัด (มหาชน) (มหาราช สาขาที่ 033),B000093827,Not found,DL,WE1,บริษัท สตาร์ มันนี่ จำกัด (มหาชน),B000088931,6560,West&East,RT,Chain Retail
บริษัท สตาร์ มันนี่ จำกัด (มหาชน) (สาขาเก้ากิโล สาขาที่ 095),B000109632,Not found,DL,WE1,บริษัท สตาร์ มันนี่ จำกัด (มหาชน),B000088931,6560,West&East,RT,Chain Retail
บริษัท สตาร์ มันนี่ จำกัด (มหาชน) (สาขาห้วยสะท้อน สาขาที่ 002),B000093791,Not found,DL,WE1,บริษัท สตาร์ มันนี่ จำกัด (มหาชน),B000088931,6560,West&East,RT,Chain Retail
บริษัท สตาร์ โอ.เอ. แอนด์ คอมมูนิเคชั่น จำกัด (สำนักงานใหญ่),B000130917,Not found,DL,WE1,บริษัท สตาร์ โอ.เอ. แอนด์ คอมมูนิเคชั่นจำกัด (สำนักงานใหญ่),B000130917,6560,North,RT,Direct Retail
บริษัท สตาร์ มันนี่ จำกัด (มหาชน) (สาขาเขาคิชฌกูฏ สาขาที่ 00097),B000108641,Not found,DL,WE1,บริษัท สตาร์ มันนี่ จำกัด (มหาชน),B000088931,6560,West&East,RT,Chain Retail
บริษัท สตาร์ มันนี่ จำกัด (มหาชน) (สาขาแกลง สาขาที่ 005),B000094754,Not found,DL,WE1,บริษัท สตาร์ มันนี่ จำกัด (มหาชน),B000088931,6560,West&East,RT,Chain Retail
บริษัท สตาร์ มันนี่ จำกัด (มหาชน) (สาขาโกดังระยอง สาขาที่ 037),B000093997,Not found,DL,WE1,บริษัท สตาร์ มันนี่ จำกัด (มหาชน),B000088931,6560,West&East,RT,Chain Retail
บริษัท สตาร์ มันนี่ จำกัด (มหาชน) (สาขากบินทร์บุรี สาขาที่ 096),B000109633,Not found,DL,WE1,บริษัท สตาร์ มันนี่ จำกัด (มหาชน),B000088931,6560,West&East,RT,Chain Retail
บริษัท สตาร์ มันนี่ จำกัด (มหาชน) (สาขาพานทอง สาขาที่ 098),B000108640,Not found,DL,WE1,บริษัท สตาร์ มันนี่ จำกัด (มหาชน),B000088931,6560,West&East,RT,Chain Retail
บริษัท สตาร์ มันนี่ จำกัด (มหาชน) (สาขาระยอง 1 สาขาที่ 007),B000093798,Not found,DL,WE1,บริษัท สตาร์ มันนี่ จำกัด (มหาชน),B000088931,6560,West&East,RT,Chain Retail
บริษัท สตาร์ มันนี่ จำกัด (มหาชน) (สาขาระยอง 2 สาขาที่ 008),B000093797,Not found,DL,WE1,บริษัท สตาร์ มันนี่ จำกัด (มหาชน),B000088931,6560,West&East,RT,Chain Retail
บริษัท สตาร์ มันนี่ จำกัด (มหาชน) (สาขาสัตหีบ สาขาที่ 089),B000094756,Not found,DL,WE1,บริษัท สตาร์ มันนี่ จำกัด (มหาชน),B000088931,6560,West&East,RT,Chain Retail
บริษัท สตาร์ มันนี่ จำกัด (มหาชน) (สาขาหนองชาก สาขาที่ 090),B000094757,Not found,DL,WE1,บริษัท สตาร์ มันนี่ จำกัด (มหาชน),B000088931,6560,West&East,RT,Chain Retail
บริษัท สตาร์ มันนี่ จำกัด (มหาชน) (สาขาหนองบ้ว สาขาที่ 088),B000094116,Not found,DL,WE1,บริษัท สตาร์ มันนี่ จำกัด (มหาชน),B000088931,6560,West&East,RT,Chain Retail
บริษัท สตาร์ มันนี่ จำกัด (มหาชน)สาขาเอ็กซ์เพลส,TSP000040,Not found,DL,WE1,บริษัท สตาร์ มันนี่ จำกัด (มหาชน),B000088931,6560,West&East,RT,Chain Retail
บริษัท สหพัฒน์ ทีวีเซลส์ จำกัดสาขาเครือสหพัฒน์,B000094989,Not found,DL,WE1,บริษัท สหพัฒน์ ทีวีเซลส์ จำกัด,B000088581,6560,West&East,RT,Chain Retail
บริษัท ธงชัย ไอที พลัส จำกัด(สำนักงานใหญ่),B000088613,Not found,DL,WE2,บริษัท ธงชัย ไอที พลัส จำกัด(สำนักงานใหญ่),B000088613,6560,West&East,RT,Direct Retail
บริษัท เส่งฮวด แอดวานซ์ เทรดดิ้งจำกัดHQ,TSP000684,Not found,DL,WE2,บริษัท เส่งฮวด แอดวานซ์ เทรดดิ้งจำกัด,B000091395,6560,West&East,RT,Direct Retail
บริษัท เส่งฮวด แอดวานซ์ เทรดดิ้งจำกัดสาขาชัยนาท,TSP000685,Not found,DL,WE2,บริษัท เส่งฮวด แอดวานซ์ เทรดดิ้งจำกัด,B000091395,6560,West&East,RT,Direct Retail
บริษัท เส่งฮวด แอดวานซ์ เทรดดิ้งจำกัดสาขานครสวรรค์,TSP000686,Not found,DL,WE2,บริษัท เส่งฮวด แอดวานซ์ เทรดดิ้งจำกัด,B000091395,6560,West&East,RT,Direct Retail
